smiles,homo_eV
c1ccc(cn1)-c1cc2[se]c3c(cnc4ccc5nsnc5c34)c2c2nsnc12,-6.11
c1cc2cnc3c4[SiH2]C(=Cc4sc3c2c2cocc12)c1cccc2=CCC=c12,-5.15
c1cc2c3nsnc3c3c(ccc4cc(cnc34)-c3ncncn3)c2cn1,-6.34
c1ccc(cc1)-c1ccc(cn1)-c1ncc(s1)-c1ncncn1,-6.17
c1cc2c(o1)c1c3cocc3c3cc(-c4ncncn4)c4c[nH]cc4c3c1c1=C[SiH2]C=c21,-5.07
c1cc2cnc3c(cnc4cc(-c5ncncn5)c5nsnc5c34)c2c2nsnc12,-6.37
c1cc2oc3c(cnc4cc(oc34)-c3ncncn3)c2cn1,-6.46
[nH]1ccc2[nH]c3c4CC(=Cc4c4c[nH]cc4c3c12)c1scc2cc[nH]c12,-4.12
[nH]1c(cc2sc3c(cnc4ccoc34)c12)-c1scc2[nH]ccc12,-4.9
[nH]1c2ccsc2c2sc3cc(-c4scc5CC=Cc45)c4ccccc4c3c12,-5.15
[nH]1-c2c(-c3c1ccc1c[nH]cc31)c1c[nH]cc1c1ccc3c[nH]cc3c21,-4.32
[nH]1c2C3=C([SiH2]c2c2c1cc(C1=CC=CC1)c1c[nH]cc21)C=CC3,-4.41
c1sc(-c2ccc3c(c2)ncc2c4cnccc4c4cocc4c32)c2nccnc12,-5.71
[nH]1c2C=C(Cc2c2[nH]c3ccc4c[nH]cc4c3c12)c1cccc2c[nH]cc12,-4.14
c1cc2cc3c4nsnc4c4cc(oc4c3cc2c2nsnc12)-c1ncncn1,-6.15
[nH]1cccc1C1=Cc2c(C1)c1ccc3ccc4=CCC=c4c3c1c1nsnc21,-4.94
c1ccc(-c2cc3ccc4c(cnc5ccc6cocc6c45)c3c3cocc23)c2nsnc12,-5.46
c1sc(c2[SiH2]C=Cc12)-c1cc2c3nsnc3c3c(ccc4cccnc34)c2cn1,-5.78
c1cc2c3nsnc3c3c4sc(cc4ccc3c2c2nsnc12)-c1ncncn1,-6.18
c1Cc(cc1)-c1ccc([se]1)-c1Cc(cc1)-c1scc2ccsc12,-4.81
c1cc2ncc3c(cnc4cc(-c5cccc6nsnc56)c5nsnc5c34)c2s1,-6.01
c1cc2ccc3c(c4nsnc4c4cc(-c5nccc6nsnc56)c5nsnc5c34)c2o1,-5.95
c1cc2ncc3c4ccc(cc4c4cocc4c3c2s1)-c1cccc2nsnc12,-5.74
[nH]1c2-c3sc(cc3Cc2c2c1ccc1=CCC=c21)-c1cccc2c[nH]cc12,-4.51
c1sc(-c2ccc(-c3ccc(cc3)-c3ccccn3)c3ccccc23)c2ccCc12,-5.46
c1sc(-c2ccc([se]2)-c2ccc(s2)-c2scc3sccc23)c2ccoc12,-5.01
[nH]1ccc2c1c1CC(=Cc1c1=CCC=c21)c1scc2[nH]ccc12,-4.3
[nH]1c2ccc3cscc3c2c2c1c1cnc(cc1c1ccccc21)-c1nccs1,-5.32
c1cc2ncc3c4ccc(cc4ncc3c2c2nsnc12)-c1ncncn1,-6.5
c1cc2cnc3c4ncc(cc4c4nsnc4c3c2o1)-c1scc2cc[se]c12,-5.57
c1cnc(-c2cnc3c(c2)oc2cc4ccc5ccccc5c4cc32)c2nsnc12,-5.85
c1cc2ccc3cc(-c4cccc5c[nH]cc45)c4=C[SiH2]C=c4c3c2o1,-5.06
c1cnc(s1)-c1ccc(-c2ccc(-c3nccc4nsnc34)c3c[nH]cc23)c2cscc12,-5.14
c1sc(-c2sc(-c3ccc(cc3)-c3ccccc3)c3[nH]ccc23)c2ccoc12,-4.82
C1=Cc2ncc3cc4cc(cnc4cc3c2[SiH2]1)-c1cncs1,-5.84
[nH]1ccc2[nH]c3c4oc(cc4[nH]c3c12)-c1scc2sccc12,-4.34
[nH]1c(cc2[nH]c3c4[se]ccc4c4=CCC=c4c3c12)-c1cccc2=C[SiH2]C=c12,-4.63
c1sc(-c2Cc(cc2)-c2ccc(s2)-c2cccc3cscc23)c2cc[SiH2]c12,-4.97
c1cnc2cc(-c3cnc4ccncc4c3)c3nsnc3c2c1,-6.36
c1ccc2c(c1)[se]c1c2cnc2cc(ncc12)-c1cncc2nsnc12,-6.2
C1=Cc2c(C1)c1CC(=Cc1c1c[nH]cc21)c1scc2occc12,-4.46
c1cc2oc3c(ccc4cc(ncc34)-c3nccc4nsnc34)c2cn1,-6.06
[nH]1ccc2c1cc(-c1cc3[SiH2]C=Cc3c3nsnc13)c1nsnc21,-5.6
[nH]1ccc2[se]c3c4CC(=Cc4[nH]c3c12)c1ccco1,-4.46
c1cc2oc3c(ccc4cc(ncc34)-c3nccc4nsnc34)c2s1,-5.81
c1cc2ncc3cc(cnc3c2s1)-c1ccccc1,-6.15
[nH]1c(cc2ncc3c4[SiH2]C=Cc4c4nsnc4c3c12)-c1nccs1,-5.69
C1=CC=C([SiH2]1)c1cc2ncc3c4cnccc4c4nsnc4c3c2o1,-5.85
c1ccc(nc1)-c1cnc2c(cnc3c4cnccc4ncc23)c1,-6.33
[nH]1c2ccc3c[nH]cc3c2c2[nH]c3cc(C4=CC=CC4)c4c[nH]cc4c3c12,-4.19
c1cnc2c3sc4cc([se]c4c3c3=C[SiH2]C=c3c2c1)-c1ncncn1,-5.73
[nH]1c-2c(Cc3ccc4c[nH]cc4c-23)c2c1cc(-c1scc3cc[se]c13)c1=CCC=c21,-4.45
[nH]1c(cc2[SiH2]c3c(-c12)c1=CCC=c1c1cc[nH]c31)-c1ccccn1,-4.65
c1ccc(cn1)-c1cc2cnccc2c2ccccc12,-6.09
c1sc(c2C=CCc12)-c1ccc2cc3c(cc2c1)c1nsnc1c1cccnc31,-5.56
[nH]1ccc2[se]c3c(oc4cc([nH]c34)-c3scc4C=C[SiH2]c34)c12,-4.8
c1sc(-c2sc(-c3sc(-c4scc5cc[nH]c45)c4cc[nH]c34)c3[nH]ccc23)c2ccCc12,-4.41
C1=Cc2cc3oc4cc(-c5cncc6nsnc56)c5=C[SiH2]C=c5c4c3cc2C1,-5.27
c1sc(-c2Cc(cc2)-c2sc(-c3scc4occc34)c3cc[nH]c23)c2cc[nH]c12,-4.31
[nH]1c(cc2c1c1c3cscc3c3ccsc3c1c1ccccc21)-c1ccco1,-5.03
[nH]1c(ccc1-c1cncc2nsnc12)-c1sc(-c2scc3ccCc23)c2cc[nH]c12,-4.82
C1=Cc2cnc3c(oc4cc(-c5ccccc5)c5cscc5c34)c2C1,-5.33
c1cnc(s1)-c1cnc2c3sccc3ncc2c1,-6.15
c1[SiH2]c2c(-c1)c1cocc1c1c3ncccc3c3c[nH]cc3c21,-5.08
C1=Cc2ccc3c4CC(=Cc4oc3c2C1)c1ccccn1,-5.13
c1cc2sc3c(cnc4cc(-c5ncncn5)c5cocc5c34)c2[se]1,-5.74
c1ncc(s1)-c1ccc2c3cnccc3c3=C[SiH2]C=c3c2c1,-5.92
c1cnc(s1)-c1sc(-c2sc(-c3scc4[nH]ccc34)c3[nH]ccc23)c2ccoc12,-4.56
[nH]1c(cc2c1c1oc3ccc4nsnc4c3c1c1=CCC=c21)C1=CC=CC1,-4.76
c1cc2cc3[se]c4cc([se]c4c3cc2[se]1)-c1nccc2nsnc12,-5.54
[nH]1c(cc2Cc3c([nH]c4cc[nH]c34)-c12)-c1cccc2=CCC=c12,-4.22
C1=CC=C([SiH2]1)c1cc2cnc3ccc4nsnc4c3c2[se]1,-5.81
[nH]1cccc1-c1cc2sc3cc4ccc5nsnc5c4cc3c2c2=C[SiH2]C=c12,-5.29
c1cc2cnc3c(c4cocc4c4cc(-c5scc6cc[nH]c56)c5ccccc5c34)c2o1,-5.09
c1cc2c3cscc3c3c4cnc(cc4ccc3c2c2nsnc12)-c1ncncn1,-5.84
c1cc2ncc3c(ccc4cc(ccc34)-c3cccc4ccccc34)c2o1,-5.79
[nH]1c2cc[se]c2c2c3c[nH]cc3c3C=C(Cc3c12)c1scc2cc[nH]c12,-4.31
[nH]1c2C=C(Cc2c2[nH]c3ccc4c[nH]cc4c3c12)c1scc2[nH]ccc12,-4.01
[nH]1-c2ccc3cscc3c2-c2[se]c3ccc4cocc4c3c12,-5.05
c1ccc([se]1)-c1cnc2c(c1)c1nsnc1c1c2ncc2ccc3nsnc3c12,-5.97
[nH]1ccc2c1c1c3c[nH]cc3c3cc(oc3c1c1=C[SiH2]C=c21)C1=CC=CC1,-4.56
C1=CC=C([SiH2]1)c1cc2ccc3c(oc4ccc5ccccc5c34)c2c2nsnc12,-5.55
c1cc2ncc3c4cnc(cc4cnc3c2[se]1)-c1ccccn1,-6.16
[nH]1ccc2Cc3c(-c12)c1c[nH]cc1c1cc(-c2cccc4c[nH]cc24)c2cscc2c31,-4.48
c1cc2c3cscc3c3c4oc(cc4sc3c2s1)-c1cccc2cscc12,-5.1
[nH]1ccc2[nH]c3c4CC(=Cc4c4c[nH]cc4c3c12)c1scc2cc[se]c12,-4.25
[nH]1c2C=C(Cc2c2[nH]c3ccc4cocc4c3c12)c1scc2[nH]ccc12,-4.2
c1sc(-c2ncc(s2)-c2sc(-c3scc4cc[nH]c34)c3ccoc23)c2[nH]ccc12,-4.79
[nH]1c2C=C(Cc2c2oc3ccc4c[nH]cc4c3c12)c1cccc2c[nH]cc12,-4.28
c1sc(-c2sc(c3[SiH2]ccc23)-c2cccc3cscc23)c2cc[nH]c12,-4.98
[nH]1ccc2[nH]c3-c4oc(cc4Cc3c12)-c1scc2[se]ccc12,-4.4
c1cc2sc3cc4cc(-c5ncncn5)c5nsnc5c4cc3c2[se]1,-5.94
c1cc2ncc3c([SiH2]c4ccc5nsnc5c34)c2cn1,-6.28
[nH]1ccc2sc3c4[nH]c(cc4[nH]c3c12)-c1cccc2cocc12,-4.53
c1cc2[SiH2]c3c(ccc4ccc5ccccc5c34)-c2cn1,-5.89
c1Cc(cc1)-c1sc(-c2ccc(nc2)-c2nccs2)c2nccnc12,-5.24
c1cnc2c(c1)c1nsnc1c1c3[SiH2]C(=Cc3c3nsnc3c21)c1ncncn1,-6.16
c1cc2cnc3c4[se]c(cc4sc3c2cn1)-c1ncncn1,-6.18
C1=Cc2cnc3cc(cnc3c2[SiH2]1)-c1ccccn1,-6.1
c1sc(-c2cc3cc4c(cc3c3nsnc23)c2cnccc2c2=CCC=c42)c2[se]ccc12,-5.43
C1=Cc2c([SiH2]1)c1oc3cc([se]c3c1c1c[nH]cc21)-c1ccccc1,-4.89
c1cc2cn-c3c([SiH2]c4ccc5nsnc5c34)-c2cn1,-6.11
c1cnc2c(c1)c1nsnc1c1cc(ccc21)-c1ncncn1,-6.54
c1cnc2c(cnc3c4ncc(cc4c4nsnc4c23)-c2ncncn2)c1,-6.44
c1cnc2c(cnc3c4cnc(cc4cnc23)-c2cccnc2)c1,-6.17
c1cc2ncc3cc(-c4ncncn4)c4nsnc4c3c2o1,-6.35
c1ccc(nc1)-c1cc2ncc3c([se]c4ccc5nsnc5c34)c2cn1,-6.13
c1ccc(o1)-c1ccc2c(ccc3c4cnccc4ncc23)c1,-5.86
c1ccc(nc1)-c1cc2oc3c(cnc4ccncc34)c2c2nsnc12,-6.14
c1ccc([se]1)-c1sc(c2[SiH2]ccc12)-c1ccc(-c2ncncn2)c2nsnc12,-5.64
c1ccc(cc1)-c1cc2c3nsnc3c3c4ncccc4c4cscc4c3c2cn1,-5.69
[nH]1c(ccc1-c1cccc2c[SiH2]cc12)-c1sc(-c2scc3cc[se]c23)c2sccc12,-4.86
c1sc(c2C=CCc12)-c1cnc2c3sc4ccc5=C[SiH2]C=c5c4c3ccc2c1,-5.35
c1cc2cc3c4cscc4c4ccc5nsnc5c4c3cc2c2nsnc12,-5.94
[nH]1ccc2Cc3c4CC(=Cc4[nH]c3-c12)c1ccco1,-4.21
c1ccc([se]1)C1=Cc2c([SiH2]1)c1cnc3ccc4nsnc4c3c1c1c[nH]cc21,-5.25
c1Cc(cc1)-c1sc(c2[SiH2]ccc12)-c1sc(-c2cccnc2)c2[nH]ccc12,-4.93
c1ccc(cn1)-c1cnc2ccncc2c1,-6.52
c1cc2ncc3c4ncc(cc4c4nsnc4c3c2c2nsnc12)-c1ncncn1,-6.49
[nH]1c2ccc3=C[SiH2]C=c3c2c2c3nsnc3c3cc(sc3c12)-c1scc2ccsc12,-5.03
C1=Cc2oc3c(sc4cc(-c5scc6CC=Cc56)c5=CCC=c5c34)c2[SiH2]1,-4.88
c1ccc([se]1)-c1ncc(-c2cnc(s2)-c2scc3[nH]ccc23)c2nsnc12,-5.08
c1ccc(cn1)-c1ccc(cn1)-c1cncc2nsnc12,-6.28
c1ccc(s1)-c1ccc(-c2ncc(s2)-c2cccc3c[SiH2]cc23)c2c[nH]cc12,-5.06
c1sc(-c2cc3c4cscc4c4ccc5ccccc5c4c3s2)c2CC=Cc12,-5.24
c1sc(-c2cc3cnc4c(ncc5ccc6ccccc6c45)c3o2)c2cc[se]c12,-5.4
c1cc2ccc3c4cnc(cc4[se]c3c2[se]1)-c1cccc2=C[SiH2]C=c12,-5.37
c1cc2c(s1)c1[SiH2]C(=Cc1c1=CCC=c21)c1scc2[nH]ccc12,-4.65
[nH]1c2cc(cnc2c2ncc3ccncc3c12)-c1ncncn1,-6.25
[nH]1ccc2cc3c4nsnc4c4cc(ccc4c3cc12)-c1nccs1,-5.65
[nH]-1cc-c2c-1c1oc3ccc4cCcc4c3c1c1c[nH]cc21,-4.53
[nH]1cccc1C1=Cc2[nH]c3c4[se]ccc4[nH]c3c2C1,-4.3
c1cc2cnc3c4cnc(cc4ncc3c2c2nsnc12)-c1ncncn1,-6.49
[nH]1c(cc2ncc3c4cnccc4oc3c12)-c1cncc2nsnc12,-5.91
c1cc2cnc3c(cnc4cc(ncc34)-c3scc4nccnc34)c2s1,-5.75
[nH]1ccc2Cc3c(-c12)c1=CCC=c1c1cc([nH]c31)C1=CC=CC1,-4.3
[nH]1c(cc2Cc3c4CC=Cc4[nH]c3-c12)-c1scc2C=CCc12,-4.29
[nH]1c2ccncc2c2sc3cc(cnc3c12)-c1scc2[SiH2]C=Cc12,-5.72
c1cc2cnc3cc(-c4ccccc4)c4nsnc4c3c2[se]1,-5.98
c1ccc(cc1)-c1cc2cnc3c(ccc4ccc5nsnc5c34)c2c2nsnc12,-5.95
c1ccc(nc1)-c1cc2cc3c4nsnc4c4ccncc4c3cc2c2=CCC=c12,-5.47
c1cc2ncc3c(oc4cc(-c5ncncn5)c5nsnc5c34)c2cn1,-6.42
c1cc2c3nsnc3c3cc4C=C([SiH2]c4cc3c2cn1)c1ncncn1,-6.34
[nH]1ccc2[nH]c3c4CC(=Cc4c4cocc4c3c12)c1scc2cc[nH]c12,-4.32
[nH]1ccc2c3c[nH]cc3c3c4CC(=Cc4[nH]c3c12)c1scc2ccoc12,-4.22
c1cc2sc3c(cnc4cc(oc34)-c3ncncn3)c2cn1,-6.42
c1cnc2cc(ncc2c1)-c1cncc2nsnc12,-6.39
C1=CC=C([SiH2]1)c1cc2ncc3c4cnccc4c4nsnc4c3c2cn1,-5.93
[nH]1ccc2[nH]c3c4CC(=Cc4[nH]c3c12)c1scc2sccc12,-4.18
C1=Cc2c(C1)c1oc3C=C(Cc3c1c1cocc21)c1scc2[nH]ccc12,-4.41
C1=Cc2cnc3c4[se]c(cc4c4cocc4c3c2[SiH2]1)-c1nccc2nsnc12,-5.6
c1cc2cnc3c4cnc(cc4cnc3c2[se]1)-c1ncncn1,-6.23
c1ccc(cn1)-c1cc2sc3c(ncc4ccc5ccccc5c34)c2c2nsnc12,-5.86
c1cnc(s1)-c1cc2cc3ccc4ccccc4c3cc2o1,-5.72
[nH]1c(cc2cnc3c4CC=Cc4ncc3c12)-c1ncncn1,-5.88
c1cc2ncc3c([se]c4cc(-c5ncncn5)c5nsnc5c34)c2c2nsnc12,-6.33
c1sc(-c2ccc(nc2)-c2nccc3nsnc23)c2[se]ccc12,-5.6
c1cc2ncc3c4CC(=Cc4cnc3c2cn1)c1ncncn1,-6.37
[nH]1ccc2[nH]c3c(c12)c1=CCC=c1c1cc(-c2scc4ccsc24)c2c[nH]cc2c31,-4.41
[nH]1cccc1-c1cc2c3c[nH]cc3c3-c4[nH]ccc4Cc3c2c2=CCC=c12,-4.35
C1=Cc2cnc(cc2[SiH2]1)-c1ncncn1,-6.5
c1cnc2c(c1)[se]c1c2ncc2cc(oc12)-c1ncncn1,-6.31
c1cnc2cc3C=C([SiH2]c3cc2c1)c1ncncn1,-6.34
C1=Cc2ncc3c(ncc4cc(ncc34)-c3cccc4nsnc34)c2[SiH2]1,-6.09
[nH]1c(cc2cc3ccc4ccncc4c3cc12)-c1cccc2=C[SiH2]C=c12,-5.4
[nH]1c2C=CCc2c2Cc3cc(-c4scc5cc[nH]c45)c4c[nH]cc4c3-c12,-4.24
c1cc2ccc3c4[SiH2]C(=Cc4sc3c2[se]1)c1scc2ccoc12,-5.18
C1=Cc2c(C1)c1sc3cc(oc3c1c1ccccc21)-c1ncncn1,-5.49
c1sc(c2C=CCc12)-c1cnc2c(c1)sc1c2[se]c2ccc3=C[SiH2]C=c3c12,-5.33
c1cc2ncc3c(c4nsnc4c4cc(-c5ncncn5)c5=C[SiH2]C=c5c34)c2cn1,-5.87
c1cc2cc3-ncc4ccc5cocc5c4-c3cc2s1,-5.61
c1cc2sc3c(cnc4cc(sc34)-c3cncc4nsnc34)c2c2nsnc12,-5.98
c1cc2c3c[nH]cc3c3c4[SiH2]C(=Cc4sc3c2[se]1)c1cccc2c[nH]cc12,-4.74
c1sc(-c2cc3c4c[nH]cc4c4ccc5c[nH]cc5c4c3s2)c2CC=Cc12,-4.64
c1sc(-c2Cc(cc2)-c2ccc(cc2)-c2scc3ccsc23)c2sccc12,-4.89
[nH]1cccc1-c1cc2oc3c4occc4c4c[nH]cc4c3c2o1,-4.62
c1cnc(s1)-c1cc2sc3c(ncc4cccnc34)c2c2nsnc12,-5.96
C1=CC=C(C1)C1=Cc2c(C1)c1c3nsnc3c3ccoc3c1c1=CCC=c21,-4.78
c1cc2c([se]1)c1[SiH2]C(=Cc1c1=CCC=c21)c1scc2cc[se]c12,-4.89
c1cnc(s1)-c1ncc(-c2ccc(nc2)-c2nccc3nsnc23)c2nsnc12,-6.08
C1=CC=C(C1)c1cc2[se]c3c4CC=Cc4sc3c2o1,-4.86
[nH]1ccc2[nH]c3c([nH]c4cc(C5=CC=C[SiH2]5)c5c[nH]cc5c34)c12,-4.27
[nH]1c2cc(-c3scc4C=C[SiH2]c34)c3cocc3c2c2sc3ccc4c[nH]cc4c3c12,-4.83
C1=Cc2c(C1)c1cc3CC(=Cc3cc1c1cocc21)c1cccc2cocc12,-4.97
c1cnc(s1)-c1cc2cnc3cc4ccc5nsnc5c4cc3c2o1,-5.89
c1ccc(cn1)-c1cnc2c(ccc3c2cnc2ccc4nsnc4c32)c1,-6.31
c1ccc2c(c1)ncc1c3cnc(cc3cnc21)-c1cccc2nsnc12,-6.13
c1cc2oc3c(ncc4cc(ccc34)-c3cccc4c[nH]cc34)c2[se]1,-5.19
c1ccc(s1)-c1cnc2c(c1)sc1ccncc21,-6.04
c1cc2[SiH2]c3c(-c2c2cocc12)c1c[nH]cc1c1ccc2cscc2c31,-4.88
c1ncc(s1)-c1cnc(s1)-c1sc(-c2cccc3cscc23)c2cc[se]c12,-5.29
[nH]1ccc2c3nsnc3c3cc(-c4cncs4)c4cscc4c3c12,-5.51
[nH]1cccc1-c1cc2c3cscc3c3cc4cccnc4cc3c2c2cscc12,-5.19
[nH]1ccc2[nH]c3c4[se]c(cc4[nH]c3c12)C1=CC=C[SiH2]1,-4.49
C1=CC=C(C1)c1cc2c3ccccc3c3c4[SiH2]C=Cc4sc3c2c2=CCC=c12,-4.93
c1ccc(o1)C1=Cc2c([SiH2]1)c1c3nsnc3c3cccnc3c1c1=C[SiH2]C=c21,-5.21
c1cc2cnc3c(oc4cc(-c5scc6C=CCc56)c5=CCC=c5c34)c2o1,-5.09
c1sc(c2[SiH2]C=Cc12)-c1cnc2c3[se]c4ccncc4c3c3ccccc3c2c1,-5.82
c1cnc2-c3-ncc4ccc5nsnc5c4-c3cn-c2c1,-6.36
[nH]1c(cc2c1c1[se]c3ccncc3c1c1=C[SiH2]C=c21)-c1cncc2nsnc12,-5.31
[nH]1c2-c3cnccc3Cc2c2c1cc(-c1scc3nccnc13)c1c[nH]cc21,-4.78
[nH]1ccc2cnc3cc(ccc3c12)-c1cccnc1,-5.84
[nH]1c(cc2ccc3c([nH]c4ccc5c[nH]cc5c34)c12)C1=CC=CC1,-4.61
[nH]1ccc2CC(=Cc12)C1=Cc2c(C1)ccc1=CCC=c21,-4.43
c1ccc2cc(ncc2c1)-c1cc2c(ccc3=C[SiH2]C=c23)c2c[nH]cc12,-4.91
C1=Cc2cc3ccc(cc3cc2[SiH2]1)-c1ncncn1,-6.08
c1cnc(s1)-c1cc2cc3cnc4ccsc4c3cc2c2nsnc12,-5.88
c1cnc2c(c1)ncc1c2cnc2cc(-c3ncncn3)c3nsnc3c12,-6.47
[nH]1c2C=C(Cc2c2c3c[nH]cc3c3C=CCc3c12)c1cccc2c[nH]cc12,-4.2
c1cc2ncc3c(cnc4cc(cnc34)-c3ccccc3)c2[se]1,-6.12
C1=CC=C(C1)c1cc2c3cocc3c3c4cnccc4oc3c2s1,-5.24
c1sc(c2Cccc12)-c1ccc(-c2ccc(cn2)-c2scc3cc[nH]c23)c2c[SiH2]cc12,-5.1
c1ccc2c(c1)c1nsnc1c1c3sc(cc3ncc21)-c1ncncn1,-6.34
c1cc2c3cscc3c3c4CC(=Cc4ncc3c2o1)c1cccc2cocc12,-5.23
c1sc(c2Cccc12)-c1sc(-c2ccc(cn2)-c2ccccn2)c2sccc12,-5.15
c1cnc2c(ccc3c4cnc(cc4c4=CCC=c4c23)-c2cccnc2)c1,-5.53
c1ncc(s1)-c1cc2ncc3c4cnccc4ccc3c2cn1,-6.19
c1sc(-c2sc(-c3sc(-c4ccccn4)c4nccnc34)c3[nH]ccc23)c2cc[nH]c12,-4.56
[nH]1c(cc2c3cscc3c3c(ccc4cccnc34)c12)-c1ccco1,-5.06
C1=Cc2c(C1)c1sc3cc([se]c3c1c1nsnc21)-c1scc2sccc12,-5.2
[nH]1ccc2cc3[nH]c4cc(-c5scc6sccc56)c5c[nH]cc5c4c3cc12,-4.59
c1cnc(s1)-c1cnc(-c2ccc(-c3ncncn3)c3nsnc23)c2nsnc12,-6.14
c1ccc(cc1)-c1ccc(s1)-c1ccc(o1)-c1cccc2cCcc12,-4.92
[nH]1cccc1-c1ccc([nH]1)-c1sc(-c2scc3[nH]ccc23)c2[nH]ccc12,-4.29
c1cnc2c3[se]c(cc3cnc2c1)-c1ncncn1,-6.36
c1cc2cc3c4ccccc4c4cc(-c5scc6occc56)c5cocc5c4c3cc2o1,-5.19
[nH]1cccc1-c1Cc(cc1)-c1ccc(s1)-c1scc2[nH]ccc12,-4.48
C1=Cc2c(C1)c1sc3cc(sc3c1c1c[nH]cc21)-c1scc2[nH]ccc12,-4.52
c1ccc(cc1)-c1ccc(nc1)-c1ncc(s1)-c1ncncn1,-6.22
c1sc(-c2[SiH2]c(cc2)-c2sc(-c3cccc4c[nH]cc34)c3cc[se]c23)c2occc12,-4.71
C1=Cc2c([SiH2]1)c1ncc3cc([se]c3c1c1nsnc21)-c1cccc2cscc12,-5.57
c1sc(c2CC=Cc12)-c1ccc2c(c1)ncc1c2ncc2ccc3c[nH]cc3c12,-5.41
c1cnc(s1)-c1sc(-c2ccc(s2)-c2ncncn2)c2ccoc12,-5.5
c1cc2ncc3c4ncc(cc4c4nsnc4c3c2o1)-c1cncs1,-6.17
C1=Cc2ncc3c4ccc(cc4c4=CCC=c4c3c2[SiH2]1)-c1cncs1,-5.69
c1ncc(-c2cnc(s2)-c2ccc(-c3cncc4nsnc34)c3nsnc23)c2nsnc12,-5.94
c1Cc(cc1)-c1sc(-c2sc(-c3scc4cc[nH]c34)c3[nH]ccc23)c2ccCc12,-4.52
c1cc2sc3cc(-c4ncncn4)c4nsnc4c3c2c2nsnc12,-6.25
c1ccc(-c2cc3oc4c(ncc5ccc6cscc6c45)c3[se]2)c2cocc12,-5.36
c1cc2c3cocc3c3c4sc(cc4ncc3c2c2nsnc12)-c1ncncn1,-6.01
[nH]1ccc2[nH]c3c4[SiH2]C(=Cc4[nH]c3c12)c1cccc2c[nH]cc12,-4.28
[nH]1ccc2[nH]c3c4[nH]c(cc4[nH]c3c12)C1=CC=CC1,-4.08
[nH]1-c2c3[SiH2]cc-c3c3c[nH]cc3c2-c2c1ccc1c[nH]cc21,-4.45
[nH]1c2-c3ccc(cc3[SiH2]c2c2[se]ccc12)-c1cccs1,-5.21
c1ccc(s1)-c1sc(-c2cnc(s2)-c2ncncn2)c2cc[se]c12,-5.45
[nH]1ccc2c3cocc3c3c4CC(=Cc4c4=CCC=c4c3c12)c1scc2[se]ccc12,-4.61
c1ccc(o1)-c1sc(-c2[SiH2]c(cc2)-c2scc3[SiH2]ccc23)c2cc[se]c12,-4.92
c1cnc2c(c1)c1nsnc1c1c3cnc(cc3ncc21)-c1ncncn1,-6.52
c1ccc(-c2cc3[se]c4cc5ccc6nsnc6c5cc4c3cn2)c2nsnc12,-6.02
C1=Cc2cnc3c(c2[SiH2]1)c1=CCC=c1c1cc(-c2scc4[nH]ccc24)c2cocc2c31,-4.91
[nH]1c2ccc3cocc3c2c2cnc3cc(oc3c12)-c1scc2C=C[SiH2]c12,-5.23
[nH]1cccc1C1=Cc2oc3c(c2C1)c1c[nH]cc1c1ccc2=CCC=c2c31,-4.38
C1=CC=C([SiH2]1)c1cc2[se]ccc2[se]1,-5.44
[nH]1c2cc(sc2c2ncc3ccsc3c12)-c1scc2cc[se]c12,-5.19
[nH]1ccc2c3cocc3c3c4oc(cc4c4cocc4c3c12)-c1scc2sccc12,-4.84
C1=Cc2c(C1)c1ccc3cc(ncc3c1c1cscc21)-c1cccc2cocc12,-5.18
c1ccc(-c2ccc(-c3ccc(cn3)-c3nccc4nsnc34)c3cocc23)c2nsnc12,-5.41
c1cnc2c(c1)oc1c2c2nsnc2c2cc(ncc12)-c1ncncn1,-6.38
c1ccc2-c3[SiH2]c4ccc5ccccc5c4c3-ncc2c1,-5.62
c1sc(-c2ccc(-c3ccc(nc3)-c3ncncn3)c3nsnc23)c2cc[se]c12,-5.58
[nH]1c2C=C([SiH2]c2c2c3c[nH]cc3c3C=C[SiH2]c3c12)c1cccc2c[nH]cc12,-4.51
[nH]1cccc1-c1sc(-c2ccc([nH]2)-c2cccc3c[nH]cc23)c2ccoc12,-4.57
c1cc2oc3c(ccc4cc(-c5ncncn5)c5nsnc5c34)c2c2nsnc12,-6.15
c1cc2[se]c3c4[SiH2]C(=Cc4sc3c2o1)c1cccc2cscc12,-5.15
[nH]1c2C=C[SiH2]c2c2c1c1oc(cc1c1=CCC=c21)-c1scc2[nH]ccc12,-4.45
c1cc2ncc3c4[SiH2]C(=Cc4ncc3c2o1)c1cccc2nsnc12,-5.76
c1ncc(s1)-c1cnc2c3[se]c4ccccc4c3cnc2c1,-6.12
[nH]1c(ccc1-c1cccc2cscc12)-c1sc(-c2cccc3nsnc23)c2ccCc12,-5.05
[nH]1c(cc2[nH]c3c4occc4oc3c12)-c1cccc2c[nH]cc12,-4.46
c1sc(-c2Cc(cc2)-c2sc(-c3scc4[nH]ccc34)c3cc[nH]c23)c2occc12,-4.3
C1=Cc2c([SiH2]1)c1c3c[nH]cc3c3C=C(Cc3c1c1=CCC=c21)c1scc2CC=Cc12,-4.49
[nH]1ccc2[nH]c3C4=C(Cc3c12)C=C([SiH2]4)c1scc2cc[nH]c12,-4.21
c1cc2ncc3c4ccc(cc4cnc3c2s1)-c1ncncn1,-6.3
c1cnc2c(c1)[se]c1c2c2nsnc2c2cc(cnc12)-c1nccc2nsnc12,-6.11
[nH]1cccc1C1=Cc2[nH]c3c(c2C1)c1c[nH]cc1c1ccc2cocc2c31,-4.37
C1=Cc2ccc3c(oc4cc(-c5scc6CC=Cc56)c5cscc5c34)c2C1,-5.12
c1ccc(nc1)-c1cnc(-c2ccc(-c3nccc4nsnc34)c3cocc23)c2nsnc12,-5.42
[nH]1c(cc2sc3c(ccc4cccnc34)c12)-c1ncncn1,-5.83
c1sc(c2C=C[SiH2]c12)-c1cc2cc3ncc4ccncc4c3cc2c2nsnc12,-5.87
c1cc2ncc3c(cnc4cc(-c5scc6ccoc56)c5nsnc5c34)c2s1,-5.64
c1ccc2c3sc4cc(sc4c3ccc2c1)-c1cccnc1,-5.7
c1c-c2c(-nc1)c1-ncc3ccc4nsnc4c3-c1c1nsnc21,-6.34
c1sc(-c2ccc(o2)-c2ccc(-c3cncc4nsnc34)c3nsnc23)c2ccoc12,-5.28
c1sc(C2=Cc3c([SiH2]2)c2ccc4ccc5c[nH]cc5c4c2c2cocc32)c2cc[nH]c12,-4.71
c1cc2cnc3cc(sc3c2c2nsnc12)-c1ncncn1,-6.4
c1ncc(s1)-c1sc(-c2Cc(cc2)-c2scc3[nH]ccc23)c2ccCc12,-4.6
c1cnc(s1)-c1cnc2c(ccc3ccncc23)c1,-6.17
c1sc(c2[SiH2]ccc12)-c1ccc(nc1)-c1cccnc1,-5.97
c1cc2c3cCcc3c3c(Cc4ccc5ccccc5c34)c2c2c[nH]cc12,-4.64
c1ccc(o1)-c1ccc(o1)-c1sc(-c2cccc3cCcc23)c2sccc12,-4.86
c1cnc(s1)-c1cc2c3cocc3c3c(sc4ccc5=CCC=c5c34)c2o1,-5.01
[nH]1c(cc2[nH]c3C4=C(Cc3c12)C=CC4)-c1scc2CC=Cc12,-4.24
c1cc2ncc(cc2o1)-c1cnc2ccc3nsnc3c2c1,-6.26
c1ccc2c(c1)c1nsnc1c1c3ncc(cc3cnc21)-c1ncncn1,-6.31
[nH]1ccc2Cc3c4CC(=Cc4c4=CCC=c4c3-c12)c1scc2cc[nH]c12,-4.23
c1cc2[se]c3c(cnc4cc(ncc34)-c3nccc4nsnc34)c2cn1,-6.31
c1cc2ncc3c4ncc(cc4[se]c3c2o1)-c1ncncn1,-6.28
[nH]1ccc2c3cocc3c3c4cnc(cc4oc3c12)-c1scc2[nH]ccc12,-4.83
c1cc2c(cc(-c3cc4c(cn3)ccc3=CCC=c43)c3c[nH]cc23)o1,-4.94
c1cc2ncc3c4[se]c(cc4[se]c3c2cn1)-c1ncncn1,-6.29
c1ncc(s1)-c1cc2oc3c(oc4ccc5ccccc5c34)c2s1,-5.36
[nH]1c(cc2c3c[nH]cc3c3c(oc4ccc5nsnc5c34)c12)-c1cncs1,-4.95
[nH]1c(ccc1-c1ncncn1)-c1sc(c2Cccc12)-c1ncncn1,-5.64
c1cc2ncc3c4ncc(cc4oc3c2c2c[nH]cc12)-c1ncncn1,-5.59
c1sc(-c2sc(-c3ccc(nc3)-c3scc4cc[SiH2]c34)c3cc[SiH2]c23)c2ccCc12,-5.47
[nH]1ccc2Cc3c(-c12)c1=C[SiH2]C=c1c1cc([nH]c31)-c1scc2nccnc12,-4.6
c1ccc2c(c1)oc1cc(ncc21)-c1ncncn1,-6.44
[nH]1c2-c3oc(cc3[SiH2]c2c2c1ccc1=CCC=c21)-c1cccc2=CCC=c12,-4.65
c1sc(c2C=C[SiH2]c12)-c1cc2c(cn1)c1c3nsnc3c3ccccc3c1c1=CCC=c21,-5.53
c1cnc2c(c1)oc1cc(ccc21)-c1ncncn1,-6.46
c1ccc(cn1)-c1cnc2c(ccc3c4cnccc4ccc23)c1,-6.15
c1ccc(-c2cnc(-c3ncncn3)c3nsnc23)c2nsnc12,-6.42
c1sc(-c2sc(-c3ccc(cc3)-c3cccc4nsnc34)c3[nH]ccc23)c2cc[nH]c12,-4.6
[nH]1c(cc2[nH]c3c(c4c[nH]cc4c4ccc5c[nH]cc5c34)c12)-c1ccc[se]1,-4.33
c1cc2[se]c3c(cnc4cc(oc34)-c3ncncn3)c2c2=CCC=c12,-5.43
C1=Cc2cc3[se]c4cc(oc4c3cc2C1)-c1scc2ccoc12,-5.05
c1cc2c3cocc3c3c4oc(cc4c4cscc4c3c2s1)-c1scc2CC=Cc12,-4.98
[nH]1c2C3=C(Cc2c2c1ccc1=C[SiH2]C=c21)C=C(C3)c1scc2[nH]ccc12,-4.29
c1ccc2c(c1)oc1c2ncc2cc(oc12)-c1ncncn1,-6.19
c1ccc(cc1)C1=Cc2ncc3c4ccccc4c4=C[SiH2]C=c4c3c2[SiH2]1,-5.69
[nH]1cccc1-c1[SiH2]c2c(c1)[nH]c1c2[nH]c2cc[nH]c12,-4.22
c1sc(-c2cc3oc4c(ncc5ccc6nsnc6c45)c3[se]2)c2C=C[SiH2]c12,-5.69
c1[SiH2]c-2c(-c1)[s]-c1c-2c2ccccc2c2ccc3nsnc3c12,-5.7
[nH]1c2ccc3nsnc3c2c2oc3cc(ncc3c12)-c1cccc2nsnc12,-5.66
c1ccc2c(c1)sc1cc(ncc21)-c1cccnc1,-6.13
c1sc(-c2cnc(s2)-c2ccc(cn2)-c2cccc3c[nH]cc23)c2ccsc12,-5.18
[nH]1c2C3=C(Cc2c2c1ccc1c[nH]cc21)C=C(C3)c1cccc2=CCC=c12,-4.26
c1cc2sc3cc4cc(-c5ccccc5)c5nsnc5c4cc3c2o1,-5.66
[nH]1c2cc(ncc2c2c3nsnc3c3ccoc3c12)-c1cccc2c[nH]cc12,-5.02
[nH]1ccc2[nH]c3-c4oc(cc4Cc3c12)-c1scc2cc[nH]c12,-4.23
c1[SiH2]c(cc1)-c1sc(-c2sc(-c3cccc4cCcc34)c3[se]ccc23)c2cc[nH]c12,-4.69
c1ccc(s1)-c1ccc(-c2sc(-c3nccs3)c3ccsc23)c2cocc12,-5.15
c1cc2c3nsnc3c3c(ncc4ccc5ccccc5c34)c2[se]1,-5.9
c1ccc(o1)-c1cc2c3nsnc3c3c4sccc4sc3c2[se]1,-5.45
[nH]1c(cc2[nH]c3c4Cccc4[nH]c3c12)-c1cccc2ccccc12,-4.28
[nH]1c(cc2cc3c(cc12)c1cnccc1c1=CCC=c31)-c1scc2C=C[SiH2]c12,-5.36
[nH]1ccc2c1cc(-c1ncncn1)c1nsnc21,-6.03
[nH]1c2cc(oc2c2oc3ccc4=CCC=c4c3c12)-c1scc2[se]ccc12,-4.68
[nH]1c(cc2c1c1[nH]c3ccc4=C[SiH2]C=c4c3c1c1=CCC=c21)-c1ccco1,-4.57
c1sc(-c2ccc(cc2)-c2sc(-c3cccc4cocc34)c3cc[SiH2]c23)c2cc[nH]c12,-5.03
c1ccc([se]1)-c1ccc(-c2scc3occc23)c2nsnc12,-5.31
[nH]1ccc2oc(cc12)-c1cc2c3c[nH]cc3ccc2c2cocc12,-4.64
[nH]1ccc2c1c1[nH]c3cc([se]c3c1c1=CCC=c21)-c1ccco1,-4.52
[nH]1ccc2[se]c3c4CC(=Cc4[nH]c3c12)c1scc2[nH]ccc12,-4.21
[nH]1c2C=C(Cc2c2[nH]c3ccc4=CCC=c4c3c12)c1scc2occc12,-4.31
c1ccc(o1)-c1cnc2c(c1)[se]c1c2cnc2ccc3ccccc3c12,-5.78
c1ccc(-c2Cc(cc2)-c2sc(-c3cccc4c[nH]cc34)c3occc23)c2c[nH]cc12,-4.48
c1cc2c3nsnc3c3c(cnc4ccc5nsnc5c34)c2cn1,-6.49
[nH]1ccc2sc3c(ncc4cc(-c5scc6[nH]ccc56)c5ccccc5c34)c12,-5.03
[nH]1c2-c3cnccc3[SiH2]c2c2c1cc(-c1scc3ccoc13)c1c[nH]cc21,-4.78
[nH]1cccc1-c1cc2c3cscc3c3ccc4c[nH]cc4c3c2c2=C[SiH2]C=c12,-4.83
c1cnc2c(c1)ncc1c3ncc(cc3c3nsnc3c21)-c1cccc2nsnc12,-6.05
C1=Cc2c(C1)c1c3c[nH]cc3c(cc1c1=CCC=c21)-c1scc2[nH]ccc12,-4.39
[nH]1cccc1-c1ccc([nH]1)-c1ccc(nc1)-c1scc2nccnc12,-5.04
[nH]1c-2c(Cc3ccc4=CCC=c4c-23)c2sc(cc12)-c1scc2cc[se]c12,-4.59
[nH]1c2C=CCc2c2Cc3cc(-c4scc5sccc45)c4=C[SiH2]C=c4c3-c12,-4.58
[nH]1cccc1C1=Cc2[nH]c3c(c2C1)c1c[nH]cc1c1ccncc31,-4.59
C1=Cc2c(C1)c1c(c3[SiH2]C(=Cc3c3=CCC=c13)c1cccc3nsnc13)c1nsnc21,-5.1
c1sc(C2=Cc3c(C2)c2c(ccc4ccccc24)c2c[nH]cc32)c2cc[nH]c12,-4.51
[nH]1ccc2ccc3cc(-c4nccs4)c4c[nH]cc4c3c12,-5.07
c1ncc(s1)-c1cc2cnc3c(sc4ccc5=C[SiH2]C=c5c34)c2c2nsnc12,-5.49
[nH]1c2ccc3c[nH]cc3c2c2c3c[nH]cc3c3C=C(Cc3c12)c1ccc[se]1,-4.31
c1cc2ccc3c4oc(cc4sc3c2c2nsnc12)-c1cncc2nsnc12,-5.73
[nH]1c(ccc1-c1ccc(-c2ccccn2)c2c[nH]cc12)-c1[SiH2]ccc1,-4.79
c1sc(C2=Cc3cc4c5ccccc5c5cccnc5c4cc3[SiH2]2)c2sccc12,-5.28
c1cc2cnc3c(cnc4ccc5nsnc5c34)c2c2cscc12,-5.97
[nH]1ccc2[SiH2]c3c(-c12)c1cocc1c1cc(ncc31)-c1scc2CC=Cc12,-5.11
c1cc2[SiH2]c3c(cnc4ccc5c[SiH2]cc5c34)c2c2c[nH]cc12,-5.26
[nH]1ccc2c3nsnc3c3c4ncc(cc4oc3c12)-c1cccnc1,-5.81
c1sc(-c2cnc(s2)-c2ccc(-c3nccc4nsnc34)c3ccccc23)c2Cccc12,-5.52
[nH]1c(ccc1-c1cccc2cCcc12)-c1sc(-c2ccc[se]2)c2cc[nH]c12,-4.62
c1ccc(o1)-c1cc2oc3c([se]c4ccc5c[nH]cc5c34)c2c2c[nH]cc12,-4.61
c1ccc(cc1)-c1sc(-c2cnc(s2)-c2cccc3cCcc23)c2[nH]ccc12,-4.89
c1ccc(o1)-c1sc(-c2ccc([se]2)-c2ccccn2)c2[nH]ccc12,-4.79
c1cc2cc3c4cscc4c4cc(sc4c3cc2o1)-c1ncncn1,-5.68
[nH]1c2cccnc2c2[se]c3cc(ncc3c12)-c1cccc2c[nH]cc12,-5.06
c1ccc(nc1)-c1ccc(o1)-c1ncc(-c2nccc3nsnc23)c2nsnc12,-5.77
[nH]1cccc1C1=CC2=C([SiH2]1)c1[nH]c3ccoc3c1C2,-4.45
c1ccc(cn1)-c1ccc(-c2nccc3nsnc23)c2nsnc12,-6.17
[nH]1c(cc2c3nsnc3c3c4cnccc4c4ccccc4c3c12)-c1cccc2cocc12,-5.42
c1cc2ncc3c4[se]c(cc4cnc3c2[se]1)-c1cccc2nsnc12,-5.9
c1sc(-c2ccc(s2)-c2[SiH2]c(cc2)-c2cccc3cscc23)c2[SiH2]ccc12,-5.09
c1sc(-c2ccc(cn2)-c2sc(-c3cccnc3)c3ccsc23)c2nccnc12,-5.4
c1ccc(cc1)-c1cnc(-c2ccc(cn2)-c2cccc3ccccc23)c2nsnc12,-5.82
c1sc(-c2sc(-c3sc(-c4scc5sccc45)c4cc[nH]c34)c3ccoc23)c2cc[nH]c12,-4.48
c1cc2ncc3c4oc(cc4ncc3c2cn1)-c1ncncn1,-6.53
[nH]1c(cc2c3c[nH]cc3c3c4occc4[nH]c3c12)-c1cccc2c[nH]cc12,-4.3
[nH]1ccc2c1c1[SiH2]C(=Cc1c1ccccc21)c1cccs1,-5.09
[nH]1c(cc2c3cscc3c3c4CC=Cc4[nH]c3c12)-c1scc2cc[se]c12,-4.56
c1cc2cnc3cc(-c4ncncn4)c4nsnc4c3c2cn1,-6.54
c1ccc(cc1)-c1cc2cnc3c4ncccc4oc3c2s1,-5.94
C1=Cc2c(C1)c1c3nsnc3c3cc(sc3c1c1cscc21)-c1scc2C=CCc12,-5.18
c1cnc2c3sc(cc3cnc2c1)-c1cccnc1,-6.14
c1ncc(s1)-c1cnc2c(ccc3ccncc23)c1,-6.22
c1cnc2c(c1)ncc1c3ccc(cc3ccc21)-c1ncncn1,-6.24
[nH]1c2cc(sc2c2oc3ccccc3c12)-c1ccccc1,-5.17
[nH]1c2ccc3=CCC=c3c2c2oc3C=C([SiH2]c3c12)C1=CC=C[SiH2]1,-4.67
[nH]1ccc2[se]c3c(oc4cc(-c5scc6[nH]ccc56)c5=CCC=c5c34)c12,-4.52
c1cc2cnc3c4[se]c(cc4cnc3c2[se]1)-c1cncc2nsnc12,-5.9
c1ccc([se]1)-c1cc2ncc3c(cnc4ccncc34)c2[se]1,-5.97
c1Cc(cc1)-c1ccc(-c2[SiH2]c(cc2)-c2cccc3c[SiH2]cc23)c2c[SiH2]cc12,-4.97
c1ncc(s1)-c1ccc(nc1)-c1cnc(s1)-c1ncncn1,-6.2
c1cnc2c(cnc3c2cnc2cc(cnc32)-c2ncncn2)c1,-6.46
[nH]1c2C=C([SiH2]c2c2c3cocc3c3ccc4=C[SiH2]C=c4c3c12)c1ccco1,-4.81
c1sc(-c2[SiH2]c(cc2)-c2sc(-c3cccc4ccccc34)c3cc[nH]c23)c2[nH]ccc12,-4.6
[nH]1c2cc(oc2c2c3cocc3c3ccc4ccccc4c3c12)-c1scc2C=CCc12,-4.91
c1cc2[se]c(cc2o1)C1=Cc2c([SiH2]1)ccc1c[nH]cc21,-4.87
[nH]1c2cc(oc2c2sc3ccc4cocc4c3c12)-c1scc2sccc12,-4.83
[nH]1ccc2[SiH2]c3c([nH]c4cc(-c5cncc6nsnc56)c5=CCC=c5c34)-c12,-4.71
c1sc(C2=Cc3c(C2)c2c4cscc4c4ccccc4c2c2=CCC=c32)c2cc[nH]c12,-4.56
c1ccc([se]1)-c1ccc(s1)-c1sc(-c2cccnc2)c2ccoc12,-5.15
c1cc2ccc3c(sc4cc(-c5cncc6nsnc56)c5cocc5c34)c2o1,-5.42
c1sc(C2=Cc3cnc4c(ccc5ccncc45)c3C2)c2CC=Cc12,-5.55
c1cc2sc3c(c2o1)c1=C[SiH2]C=c1c1cc(-c2cncs2)c2=CCC=c2c31,-5.04
[nH]1c(cc2c3c[nH]cc3c3c4occc4c4c[nH]cc4c3c12)-c1scc2ccoc12,-4.41
c1cnc2cc(ccc2c1)-c1ccc2ccc3nsnc3c2c1,-6.08
c1cc2c3cocc3c3cc4cc(cnc4cc3c2cn1)-c1ncncn1,-6.19
c1cc2[se]c3c(cnc4cc(cnc34)-c3nccc4nsnc34)c2cn1,-6.31
[nH]1c2ccoc2c2c3cocc3c3cc(-c4scc5[nH]ccc45)c4=CCC=c4c3c12,-4.58
c1ccc(-c2ccc(-c3ncc(s3)-c3ncncn3)c3cCcc23)c2c[nH]cc12,-5.09
c1cc2c3nsnc3c3cc4cc(cnc4cc3c2s1)-c1ccccn1,-5.92
[nH]1c(cc2oc3c4ccccc4oc3c12)-c1scc2cc[se]c12,-5.01
[nH]1c(cc2cc3c4nsnc4c4ccncc4c3cc12)-c1scc2cc[se]c12,-5.5
c1cnc(s1)-c1cc2oc3c(c4nsnc4c4ccncc34)c2o1,-5.74
c1ncc(s1)-c1cnc2c(c1)ncc1c3ccccc3ncc21,-6.23
[nH]1ccc2oc3c([nH]c4cc(-c5ccccc5)c5=C[SiH2]C=c5c34)c12,-4.67
c1ccc(cc1)-c1cnc2c3sc4ccncc4c3ncc2c1,-6.13
c1cc2c3nsnc3c3c(c4nsnc4c4cc(-c5ccccn5)c5=C[SiH2]C=c5c34)c2o1,-5.39
c1cc2ccc3c4cnc(cc4c4cscc4c3c2s1)-c1scc2[SiH2]C=Cc12,-5.62
c1ccc2c(c1)sc1cc3ccc4nsnc4c3cc21,-5.99
C1=Cc2ncc3c(cnc4cc(ncc34)-c3ncncn3)c2[SiH2]1,-6.46
[nH]1c(cc2c1c1[nH]c3C=CCc3c1c1=CCC=c21)-c1ccco1,-4.37
[nH]1cccc1C1=Cc2oc3c([nH]c4ccc5c[nH]cc5c34)c2C1,-4.26
[nH]1c2C3=C(Cc2c2c1cc(-c1cccc4c[nH]cc14)c1c[nH]cc21)C=CC3,-4.25
[nH]1ccc2[nH]c3C4=C(Cc3c12)C=C(C4)c1cncs1,-4.4
C1=CC=C([SiH2]1)c1cc2cc3c4nsnc4ccc3cc2cn1,-5.73
c1cc2cnc3c4cnc(cc4[se]c3c2s1)-c1cncs1,-5.95
c1ccc(nc1)-c1cc2ncc3c4cnccc4sc3c2s1,-6.08
[nH]1c2C=CCc2c2[nH]c3C=C(Cc3c12)c1cccc2c[nH]cc12,-4.1
c1sc(c2C=C[SiH2]c12)-c1cnc2c(cnc3c4cnccc4ncc23)c1,-6.19
c1Cc(cc1)-c1ccc([se]1)-c1ccc([se]1)-c1ccccc1,-5.06
c1cc2ccc3c4cnc(cc4ccc3c2c2cscc12)-c1ncncn1,-5.82
[nH]1c2cc(-c3cccnc3)c3nsnc3c2c2cnc3ccsc3c12,-5.84
c1cc2c3nsnc3c3c(cnc4cc(cnc34)-c3cccc4nsnc34)c2cn1,-6.1
c1cc2sc3c4sc(cc4c4nsnc4c3c2c2ccccc12)-c1ncncn1,-5.82
[nH]1cccc1C1=CC2=C(C1)c1[nH]c3ccc4=CCC=c4c3c1C2,-4.23
c1cc2cnc3c4ccc(cc4oc3c2c2cocc12)-c1cccc2ccccc12,-5.68
c1cc2sc3c(ncc4cc(cnc34)-c3ncncn3)c2cn1,-6.33
c1ccc(cc1)-c1ccc2cc3c(cc2c1)[se]c1ccc2=C[SiH2]C=c2c31,-5.29
C1=Cc2c(C1)c1oc3cc(-c4scc5cc[nH]c45)c4c[nH]cc4c3c1c1=CCC=c21,-4.48
[nH]1c(cc2cc3cnc4cccnc4c3cc12)C1=CC=C[SiH2]1,-5.45
c1cnc(s1)-c1ccc2c(c1)c1cocc1c1ccc3nsnc3c21,-5.73
C1=CC=C([SiH2]1)c1ccc2c(ccc3c4ncccc4cnc23)c1,-5.68
c1sc(-c2sc(-c3ccc(nc3)-c3scc4[nH]ccc34)c3[nH]ccc23)c2cc[nH]c12,-4.46
c1sc(c2[SiH2]C=Cc12)-c1cc2[se]c3c(cnc4ccncc34)c2c2nsnc12,-5.91
C1=Cc2ccc3c4[se]c(cc4ncc3c2[SiH2]1)-c1cccnc1,-5.84
c1sc(-c2sc(-c3sc(-c4scc5[nH]ccc45)c4[nH]ccc34)c3ccoc23)c2nccnc12,-4.5
c1ccc(s1)-c1ccc2c(c1)c1c[nH]cc1c1c3cnccc3cnc21,-5.45
c1ccc2c(c1)c1nsnc1c1cc3cc(-c4ncncn4)c4nsnc4c3cc21,-6.25
c1cnc2c(c1)ncc1c3cnc(cc3c3cocc3c21)-c1cncc2nsnc12,-6.0
[nH]1cccc1-c1cnc2c(c1)oc1c3[se]ccc3c3cscc3c21,-5.25
c1cc2ncc3c(ncc4cc(-c5ncncn5)c5ccccc5c34)c2s1,-6.11
c1cnc2c(c1)ncc1c3cnc(cc3ccc21)-c1ncncn1,-6.46
[nH]1c2C=C(Cc2c2oc3C=CCc3c12)c1scc2cc[se]c12,-4.42
c1cc2c3c[nH]cc3c3c(oc4cc(-c5scc6[nH]ccc56)c5=C[SiH2]C=c5c34)c2o1,-4.62
c1ncc(s1)-c1cc2cnc3cccnc3c2cn1,-6.2
c1ccc2c(c1)oc1c2sc2cc(-c3cncc4nsnc34)c3ccccc3c12,-5.65
c1sc(-c2cc3sc4c5ncccc5sc4c3o2)c2sccc12,-5.28
c1cc2ccc3c(oc4cc(-c5scc6sccc56)c5=CCC=c5c34)c2o1,-5.0
[nH]1cccc1-c1cc2Cc3c([nH]c4ccc5c[nH]cc5c34)-c2c2ccccc12,-4.59
c1cc2c3nsnc3c3cc4cc(cnc4cc3c2o1)-c1cccnc1,-5.95
c1[SiH2]c(cc1)-c1ccc(-c2ccc(o2)-c2cccs2)c2c[SiH2]cc12,-5.01
c1sc(-c2ccc(cn2)-c2sc(-c3ccccn3)c3cc[SiH2]c23)c2nccnc12,-5.58
c1ccc(o1)-c1cnc2c(ccc3c4ccccc4c4nsnc4c23)c1,-5.72
[nH]1c2cc(C3=CC=C[SiH2]3)c3ccccc3c2c2oc3C=C[SiH2]c3c12,-5.02
c1ncc(s1)-c1cc2c3nsnc3c3c(ccc4ccc5cocc5c34)c2[se]1,-5.51
C1=Cc2ncc3c4[se]c(cc4cnc3c2[SiH2]1)-c1ccc[se]1,-5.8
c1sc(C2=Cc3oc4c(oc5ccc6=CCC=c6c45)c3C2)c2cc[se]c12,-4.66
C1=Cc2cnc(cc2C1)-c1cc2ncccc2c2cscc12,-5.58
c1sc(-c2cnc3c(ccc4c3ncc3ccc5nsnc5c43)c2)c2cc[nH]c12,-5.26
c1cc2c(s1)c1ccc3cc(oc3c1c1=C[SiH2]C=c21)-c1cccnc1,-5.42
c1ccc(cc1)-c1cc2ncc3c4cnccc4sc3c2cn1,-6.15
C1=Cc2c([SiH2]1)c1c3cscc3c3cc(oc3c1c1ccccc21)-c1ccc[se]1,-5.17
[nH]1ccc2Cc3c4[SiH2]C(=Cc4[nH]c3-c12)C1=CC=CC1,-4.33
c1ccc(cc1)-c1cc2ccc3c4ccccc4c4nsnc4c3c2[se]1,-5.78
c1cc2ccc3c(ccc4cc(ncc34)-c3scc4nccnc34)c2s1,-5.63
c1ncc(s1)-c1sc(-c2cnc(s2)-c2ncncn2)c2sccc12,-5.62
c1sc(-c2ccc(-c3ncc(s3)-c3cccc4c[SiH2]cc34)c3cCcc23)c2ccoc12,-5.04
c1ccc2c(c1)c1nsnc1c1c2cnc2cc(-c3ncncn3)c3nsnc3c12,-6.35
[nH]1c2cc([se]c2c2[nH]c3ccc4=CCC=c4c3c12)-c1scc2cc[nH]c12,-4.45
c1c-c2cn-c3c(-c2-[o]1)c1nsnc1c1ccc2nsnc2c31,-6.17
[nH]1cccc1-c1ccc(s1)-c1sc(c2Cccc12)-c1scc2cc[nH]c12,-4.76
c1cc2c3nsnc3c3c4cnc(cc4c4=CCC=c4c3c2s1)-c1cncc2nsnc12,-5.67
c1cc2ncc3c(cnc4cc(ncc34)-c3cccnc3)c2o1,-6.2
c1sc(-c2cc3ncc4c(sc5ccc6ccccc6c45)c3o2)c2ccsc12,-5.39
[nH]1c(cc2cc3oc4cc[se]c4c3cc12)-c1cccc2cocc12,-5.14
c1cnc2c(c1)c1cocc1c1cc(-c3ncncn3)c3ccccc3c21,-5.71
c1ccc(o1)-c1sc(-c2ccc(-c3scc4[nH]ccc34)c3nsnc23)c2cc[nH]c12,-4.57
c1cc2ccc(cc2[se]1)-c1cc2c(ccc3nsnc23)[se]1,-5.76
c1cc2ncc3c4cnc(cc4ccc3c2cn1)-c1ncncn1,-6.52